Location,Timestamp,Irradiance (W/m2),System temperature (C),Nearest BOM station temperature (C),PV Yield (kWh)
Sutherland (NSW),2019-01-01 05:00:00 +1000,,,21.0,0.0
Sutherland (NSW),2019-01-01 06:00:00 +1000,,,22.1,0.085
Sutherland (NSW),2019-01-01 07:00:00 +1000,,,24.4,0.455
Sutherland (NSW),2019-01-01 08:00:00 +1000,,,26.6,1.618
Sutherland (NSW),2019-01-01 09:00:00 +1000,,,29.1,2.561
Sutherland (NSW),2019-01-01 10:00:00 +1000,,,31.0,3.266
Sutherland (NSW),2019-01-01 11:00:00 +1000,,,31.3,3.744
Sutherland (NSW),2019-01-01 12:00:00 +1000,,,31.9,3.93
Sutherland (NSW),2019-01-01 13:00:00 +1000,,,32.4,3.855
Sutherland (NSW),2019-01-01 14:00:00 +1000,,,33.0,3.74
Sutherland (NSW),2019-01-01 15:00:00 +1000,,,33.4,3.33
Sutherland (NSW),2019-01-01 16:00:00 +1000,,,33.3,2.637
Sutherland (NSW),2019-01-01 17:00:00 +1000,,,32.2,1.648
Sutherland (NSW),2019-01-01 18:00:00 +1000,,,30.5,0.283
Sutherland (NSW),2019-01-01 19:00:00 +1000,,,28.1,0.072
Sutherland (NSW),2019-01-01 20:00:00 +1000,,,26.7,0.002
Sutherland (NSW),2019-01-02 06:00:00 +1000,,,22.2,0.053
Sutherland (NSW),2019-01-02 07:00:00 +1000,,,23.2,0.399
Sutherland (NSW),2019-01-02 08:00:00 +1000,,,25.3,1.455
Sutherland (NSW),2019-01-02 09:00:00 +1000,,,26.9,2.43
Sutherland (NSW),2019-01-02 10:00:00 +1000,,,28.8,3.329
Sutherland (NSW),2019-01-02 11:00:00 +1000,,,29.8,2.189
Sutherland (NSW),2019-01-02 12:00:00 +1000,,,30.6,3.876
Sutherland (NSW),2019-01-02 13:00:00 +1000,,,31.0,4.018
Sutherland (NSW),2019-01-02 14:00:00 +1000,,,29.4,3.769
Sutherland (NSW),2019-01-02 15:00:00 +1000,,,25.8,1.638
Sutherland (NSW),2019-01-02 16:00:00 +1000,,,24.8,0.24
Sutherland (NSW),2019-01-02 17:00:00 +1000,,,26.0,0.752
Sutherland (NSW),2019-01-02 18:00:00 +1000,,,25.5,0.564
Sutherland (NSW),2019-01-02 19:00:00 +1000,,,24.3,0.092
Sutherland (NSW),2019-01-02 20:00:00 +1000,,,23.6,0.0
Sutherland (NSW),2019-01-03 06:00:00 +1000,,,22.1,0.056
Sutherland (NSW),2019-01-03 07:00:00 +1000,,,22.7,0.427
Sutherland (NSW),2019-01-03 08:00:00 +1000,,,23.7,0.608
Sutherland (NSW),2019-01-03 09:00:00 +1000,,,25.5,2.106
Sutherland (NSW),2019-01-03 10:00:00 +1000,,,27.6,3.185
Sutherland (NSW),2019-01-03 11:00:00 +1000,,,28.4,3.439
Sutherland (NSW),2019-01-03 12:00:00 +1000,,,27.6,2.771
Sutherland (NSW),2019-01-03 13:00:00 +1000,,,26.8,2.041
Sutherland (NSW),2019-01-03 14:00:00 +1000,,,27.4,2.158
Sutherland (NSW),2019-01-03 15:00:00 +1000,,,27.8,3.227
Sutherland (NSW),2019-01-03 16:00:00 +1000,,,27.1,2.636
Sutherland (NSW),2019-01-03 17:00:00 +1000,,,25.7,0.818
Sutherland (NSW),2019-01-03 18:00:00 +1000,,,25.1,0.236
Sutherland (NSW),2019-01-03 19:00:00 +1000,,,24.5,0.092
Sutherland (NSW),2019-01-03 20:00:00 +1000,,,24.0,0.007
Sutherland (NSW),2019-01-04 05:00:00 +1000,,,20.9,0.0
Sutherland (NSW),2019-01-04 06:00:00 +1000,,,21.1,0.063
Sutherland (NSW),2019-01-04 07:00:00 +1000,,,22.2,0.309
Sutherland (NSW),2019-01-04 08:00:00 +1000,,,23.8,0.87
Sutherland (NSW),2019-01-04 09:00:00 +1000,,,25.4,2.276
Sutherland (NSW),2019-01-04 10:00:00 +1000,,,27.9,3.354
Sutherland (NSW),2019-01-04 11:00:00 +1000,,,30.3,3.796
Sutherland (NSW),2019-01-04 12:00:00 +1000,,,31.7,4.052
Sutherland (NSW),2019-01-04 13:00:00 +1000,,,32.0,4.076
Sutherland (NSW),2019-01-04 14:00:00 +1000,,,32.6,3.844
Sutherland (NSW),2019-01-04 15:00:00 +1000,,,32.4,3.375
Sutherland (NSW),2019-01-04 16:00:00 +1000,,,32.2,2.653
Sutherland (NSW),2019-01-04 17:00:00 +1000,,,31.8,1.688
Sutherland (NSW),2019-01-04 18:00:00 +1000,,,29.6,0.331
Sutherland (NSW),2019-01-04 19:00:00 +1000,,,28.0,0.083
Sutherland (NSW),2019-01-04 20:00:00 +1000,,,27.1,0.003
Sutherland (NSW),2019-01-05 05:00:00 +1000,,,21.1,0.0
Sutherland (NSW),2019-01-05 06:00:00 +1000,,,22.9,0.045
Sutherland (NSW),2019-01-05 07:00:00 +1000,,,26.9,0.461
Sutherland (NSW),2019-01-05 08:00:00 +1000,,,30.2,1.553
Sutherland (NSW),2019-01-05 09:00:00 +1000,,,33.4,2.444
Sutherland (NSW),2019-01-05 10:00:00 +1000,,,35.2,3.11
Sutherland (NSW),2019-01-05 11:00:00 +1000,,,37.4,3.042
Sutherland (NSW),2019-01-05 12:00:00 +1000,,,32.6,3.958
Sutherland (NSW),2019-01-05 13:00:00 +1000,,,28.6,4.198
Sutherland (NSW),2019-01-05 14:00:00 +1000,,,26.2,1.29
Sutherland (NSW),2019-01-05 15:00:00 +1000,,,25.7,0.624
Sutherland (NSW),2019-01-05 16:00:00 +1000,,,24.5,0.842
Sutherland (NSW),2019-01-05 17:00:00 +1000,,,21.8,1.02
Sutherland (NSW),2019-01-05 18:00:00 +1000,,,19.5,0.159
Sutherland (NSW),2019-01-05 19:00:00 +1000,,,19.3,0.005
Sutherland (NSW),2019-01-05 20:00:00 +1000,,,19.8,0.0
Sutherland (NSW),2019-01-06 06:00:00 +1000,,,17.9,0.011
Sutherland (NSW),2019-01-06 07:00:00 +1000,,,18.0,0.163
Sutherland (NSW),2019-01-06 08:00:00 +1000,,,18.4,0.35
Sutherland (NSW),2019-01-06 09:00:00 +1000,,,18.9,0.463
Sutherland (NSW),2019-01-06 10:00:00 +1000,,,18.4,0.496
Sutherland (NSW),2019-01-06 11:00:00 +1000,,,19.3,0.874
Sutherland (NSW),2019-01-06 12:00:00 +1000,,,20.4,1.402
Sutherland (NSW),2019-01-06 13:00:00 +1000,,,21.2,1.831
Sutherland (NSW),2019-01-06 14:00:00 +1000,,,20.9,1.988
Sutherland (NSW),2019-01-06 15:00:00 +1000,,,20.2,1.013
Sutherland (NSW),2019-01-06 16:00:00 +1000,,,19.8,0.417
Sutherland (NSW),2019-01-06 17:00:00 +1000,,,19.4,0.392
Sutherland (NSW),2019-01-06 18:00:00 +1000,,,18.9,0.194
Sutherland (NSW),2019-01-06 19:00:00 +1000,,,19.0,0.083
Sutherland (NSW),2019-01-06 20:00:00 +1000,,,18.9,0.0
Sutherland (NSW),2019-01-07 06:00:00 +1000,,,19.2,0.032
Sutherland (NSW),2019-01-07 07:00:00 +1000,,,20.4,0.238
Sutherland (NSW),2019-01-07 08:00:00 +1000,,,21.3,0.609
Sutherland (NSW),2019-01-07 09:00:00 +1000,,,21.5,0.821
Sutherland (NSW),2019-01-07 10:00:00 +1000,,,21.5,1.519
Sutherland (NSW),2019-01-07 11:00:00 +1000,,,22.2,1.737
Sutherland (NSW),2019-01-07 12:00:00 +1000,,,22.1,1.298
Sutherland (NSW),2019-01-07 13:00:00 +1000,,,21.1,0.882
Sutherland (NSW),2019-01-07 14:00:00 +1000,,,22.0,1.095
Sutherland (NSW),2019-01-07 15:00:00 +1000,,,21.3,1.115
Sutherland (NSW),2019-01-07 16:00:00 +1000,,,20.6,0.694
Sutherland (NSW),2019-01-07 17:00:00 +1000,,,20.8,0.428
Sutherland (NSW),2019-01-07 18:00:00 +1000,,,21.1,0.239
Sutherland (NSW),2019-01-07 19:00:00 +1000,,,21.3,0.084
Sutherland (NSW),2019-01-07 20:00:00 +1000,,,21.2,0.002
Sutherland (NSW),2019-01-08 06:00:00 +1000,,,21.2,0.076
Sutherland (NSW),2019-01-08 07:00:00 +1000,,,23.6,0.414
Sutherland (NSW),2019-01-08 08:00:00 +1000,,,25.3,1.317
Sutherland (NSW),2019-01-08 09:00:00 +1000,,,26.8,2.583
Sutherland (NSW),2019-01-08 10:00:00 +1000,,,28.1,3.345
Sutherland (NSW),2019-01-08 11:00:00 +1000,,,28.7,3.531
Sutherland (NSW),2019-01-08 12:00:00 +1000,,,29.0,3.58
Sutherland (NSW),2019-01-08 13:00:00 +1000,,,29.8,1.787
Sutherland (NSW),2019-01-08 14:00:00 +1000,,,31.1,3.578
Sutherland (NSW),2019-01-08 15:00:00 +1000,,,29.8,3.288
Sutherland (NSW),2019-01-08 16:00:00 +1000,,,29.0,2.426
Sutherland (NSW),2019-01-08 17:00:00 +1000,,,28.5,1.276
Sutherland (NSW),2019-01-08 18:00:00 +1000,,,27.0,0.556
Sutherland (NSW),2019-01-08 19:00:00 +1000,,,26.4,0.066
Sutherland (NSW),2019-01-09 06:00:00 +1000,,,20.5,0.043
Sutherland (NSW),2019-01-09 07:00:00 +1000,,,21.5,0.49
Sutherland (NSW),2019-01-09 08:00:00 +1000,,,24.0,1.413
Sutherland (NSW),2019-01-09 09:00:00 +1000,,,26.7,2.621
Sutherland (NSW),2019-01-09 10:00:00 +1000,,,29.1,3.309
Sutherland (NSW),2019-01-09 11:00:00 +1000,,,29.5,3.465
Sutherland (NSW),2019-01-09 12:00:00 +1000,,,29.0,0.594
Sutherland (NSW),2019-01-09 13:00:00 +1000,,,27.0,4.271
Sutherland (NSW),2019-01-09 14:00:00 +1000,,,25.7,4.044
Sutherland (NSW),2019-01-09 15:00:00 +1000,,,25.2,2.956
Sutherland (NSW),2019-01-09 16:00:00 +1000,,,23.7,1.615
Sutherland (NSW),2019-01-09 17:00:00 +1000,,,23.0,1.185
Sutherland (NSW),2019-01-09 18:00:00 +1000,,,22.8,0.299
Sutherland (NSW),2019-01-09 19:00:00 +1000,,,22.5,0.076
Sutherland (NSW),2019-01-09 20:00:00 +1000,,,22.0,0.0
Sutherland (NSW),2019-01-10 06:00:00 +1000,,,20.3,0.027
Sutherland (NSW),2019-01-10 07:00:00 +1000,,,20.7,0.305
Sutherland (NSW),2019-01-10 08:00:00 +1000,,,21.1,0.743
Sutherland (NSW),2019-01-10 09:00:00 +1000,,,21.4,1.33
Sutherland (NSW),2019-01-10 10:00:00 +1000,,,22.0,1.502
Sutherland (NSW),2019-01-10 11:00:00 +1000,,,21.8,1.569
Sutherland (NSW),2019-01-10 12:00:00 +1000,,,22.8,1.161
Sutherland (NSW),2019-01-10 13:00:00 +1000,,,23.0,2.165
Sutherland (NSW),2019-01-10 14:00:00 +1000,,,22.0,0.483
Sutherland (NSW),2019-01-10 15:00:00 +1000,,,21.3,0.965
Sutherland (NSW),2019-01-10 16:00:00 +1000,,,21.1,0.682
Sutherland (NSW),2019-01-10 17:00:00 +1000,,,21.1,0.425
Sutherland (NSW),2019-01-10 18:00:00 +1000,,,20.9,0.32
Sutherland (NSW),2019-01-10 19:00:00 +1000,,,20.9,0.003
Sutherland (NSW),2019-01-10 20:00:00 +1000,,,20.5,0.0
Sutherland (NSW),2019-01-11 06:00:00 +1000,,,20.2,0.004
Sutherland (NSW),2019-01-11 07:00:00 +1000,,,20.8,0.198
Sutherland (NSW),2019-01-11 08:00:00 +1000,,,21.7,0.475
Sutherland (NSW),2019-01-11 09:00:00 +1000,,,24.1,1.633
Sutherland (NSW),2019-01-11 10:00:00 +1000,,,25.9,2.485
Sutherland (NSW),2019-01-11 11:00:00 +1000,,,27.0,1.421
Sutherland (NSW),2019-01-11 12:00:00 +1000,,,28.3,2.223
Sutherland (NSW),2019-01-11 13:00:00 +1000,,,27.3,3.309
Sutherland (NSW),2019-01-11 14:00:00 +1000,,,25.8,1.487
Sutherland (NSW),2019-01-11 15:00:00 +1000,,,24.9,0.949
Sutherland (NSW),2019-01-11 16:00:00 +1000,,,24.5,0.704
Sutherland (NSW),2019-01-11 17:00:00 +1000,,,24.3,0.609
Sutherland (NSW),2019-01-11 18:00:00 +1000,,,23.6,0.068
Sutherland (NSW),2019-01-11 19:00:00 +1000,,,22.6,0.006
Sutherland (NSW),2019-01-12 06:00:00 +1000,,,19.2,0.039
Sutherland (NSW),2019-01-12 07:00:00 +1000,,,20.7,0.396
Sutherland (NSW),2019-01-12 08:00:00 +1000,,,22.9,1.539
Sutherland (NSW),2019-01-12 09:00:00 +1000,,,24.8,2.562
Sutherland (NSW),2019-01-12 10:00:00 +1000,,,27.3,3.3
Sutherland (NSW),2019-01-12 11:00:00 +1000,,,28.9,3.641
Sutherland (NSW),2019-01-12 12:00:00 +1000,,,31.4,3.9
Sutherland (NSW),2019-01-12 13:00:00 +1000,,,32.9,3.755
Sutherland (NSW),2019-01-12 14:00:00 +1000,,,34.1,3.784
Sutherland (NSW),2019-01-12 15:00:00 +1000,,,34.2,3.357
Sutherland (NSW),2019-01-12 16:00:00 +1000,,,32.7,2.548
Sutherland (NSW),2019-01-12 17:00:00 +1000,,,30.8,1.549
Sutherland (NSW),2019-01-12 18:00:00 +1000,,,29.4,0.531
Sutherland (NSW),2019-01-12 19:00:00 +1000,,,27.8,0.08
Sutherland (NSW),2019-01-12 20:00:00 +1000,,,26.3,0.001
Sutherland (NSW),2019-01-13 06:00:00 +1000,,,22.0,0.029
Sutherland (NSW),2019-01-13 07:00:00 +1000,,,23.3,0.455
Sutherland (NSW),2019-01-13 08:00:00 +1000,,,24.6,1.496
Sutherland (NSW),2019-01-13 09:00:00 +1000,,,25.1,2.515
Sutherland (NSW),2019-01-13 10:00:00 +1000,,,25.6,3.209
Sutherland (NSW),2019-01-13 11:00:00 +1000,,,25.9,3.916
Sutherland (NSW),2019-01-13 12:00:00 +1000,,,26.1,4.168
Sutherland (NSW),2019-01-13 13:00:00 +1000,,,26.1,3.71
Sutherland (NSW),2019-01-13 14:00:00 +1000,,,27.0,3.587
Sutherland (NSW),2019-01-13 15:00:00 +1000,,,27.2,2.927
Sutherland (NSW),2019-01-13 16:00:00 +1000,,,24.4,1.987
Sutherland (NSW),2019-01-13 17:00:00 +1000,,,24.0,1.04
Sutherland (NSW),2019-01-13 18:00:00 +1000,,,23.6,0.598
Sutherland (NSW),2019-01-13 19:00:00 +1000,,,22.6,0.16
Sutherland (NSW),2019-01-13 20:00:00 +1000,,,22.1,0.005
Sutherland (NSW),2019-01-14 06:00:00 +1000,,,20.4,0.037
Sutherland (NSW),2019-01-14 07:00:00 +1000,,,21.5,0.259
Sutherland (NSW),2019-01-14 08:00:00 +1000,,,23.9,0.965
Sutherland (NSW),2019-01-14 09:00:00 +1000,,,24.1,1.448
Sutherland (NSW),2019-01-14 10:00:00 +1000,,,26.9,1.986
Sutherland (NSW),2019-01-14 11:00:00 +1000,,,27.9,1.697
Sutherland (NSW),2019-01-14 12:00:00 +1000,,,29.5,3.288
Sutherland (NSW),2019-01-14 13:00:00 +1000,,,30.1,3.928
Sutherland (NSW),2019-01-14 14:00:00 +1000,,,29.6,3.84
Sutherland (NSW),2019-01-14 15:00:00 +1000,,,29.6,3.373
Sutherland (NSW),2019-01-14 16:00:00 +1000,,,28.4,2.723
Sutherland (NSW),2019-01-14 17:00:00 +1000,,,27.5,1.77
Sutherland (NSW),2019-01-14 18:00:00 +1000,,,26.8,0.432
Sutherland (NSW),2019-01-14 19:00:00 +1000,,,25.5,0.1
Sutherland (NSW),2019-01-14 20:00:00 +1000,,,24.5,0.004
Sutherland (NSW),2019-01-15 06:00:00 +1000,,,22.2,0.035
Sutherland (NSW),2019-01-15 07:00:00 +1000,,,23.7,0.45
Sutherland (NSW),2019-01-15 08:00:00 +1000,,,25.2,1.42
Sutherland (NSW),2019-01-15 09:00:00 +1000,,,27.2,2.394
Sutherland (NSW),2019-01-15 10:00:00 +1000,,,29.6,3.161
Sutherland (NSW),2019-01-15 11:00:00 +1000,,,32.0,3.666
Sutherland (NSW),2019-01-15 12:00:00 +1000,,,33.2,3.928
Sutherland (NSW),2019-01-15 13:00:00 +1000,,,33.9,3.979
Sutherland (NSW),2019-01-15 14:00:00 +1000,,,33.2,3.753
Sutherland (NSW),2019-01-15 15:00:00 +1000,,,32.7,3.332
Sutherland (NSW),2019-01-15 16:00:00 +1000,,,31.9,2.651
Sutherland (NSW),2019-01-15 17:00:00 +1000,,,29.9,1.736
Sutherland (NSW),2019-01-15 18:00:00 +1000,,,28.9,0.429
Sutherland (NSW),2019-01-15 19:00:00 +1000,,,27.3,0.097
Sutherland (NSW),2019-01-15 20:00:00 +1000,,,26.0,0.001
Sutherland (NSW),2019-01-16 06:00:00 +1000,,,22.2,0.033
Sutherland (NSW),2019-01-16 07:00:00 +1000,,,24.3,0.386
Sutherland (NSW),2019-01-16 08:00:00 +1000,,,26.5,1.058
Sutherland (NSW),2019-01-16 09:00:00 +1000,,,29.0,2.267
Sutherland (NSW),2019-01-16 10:00:00 +1000,,,31.4,3.125
Sutherland (NSW),2019-01-16 11:00:00 +1000,,,33.6,3.334
Sutherland (NSW),2019-01-16 12:00:00 +1000,,,33.7,3.892
Sutherland (NSW),2019-01-16 13:00:00 +1000,,,34.0,3.884
Sutherland (NSW),2019-01-16 14:00:00 +1000,,,33.5,3.709
Sutherland (NSW),2019-01-16 15:00:00 +1000,,,33.0,3.332
Sutherland (NSW),2019-01-16 16:00:00 +1000,,,31.6,2.741
Sutherland (NSW),2019-01-16 17:00:00 +1000,,,30.1,1.487
Sutherland (NSW),2019-01-16 18:00:00 +1000,,,29.9,0.421
Sutherland (NSW),2019-01-16 19:00:00 +1000,,,27.9,0.097
Sutherland (NSW),2019-01-16 20:00:00 +1000,,,26.2,0.006
Sutherland (NSW),2019-01-17 06:00:00 +1000,,,22.9,0.005
Sutherland (NSW),2019-01-17 07:00:00 +1000,,,23.4,0.146
Sutherland (NSW),2019-01-17 08:00:00 +1000,,,24.6,0.622
Sutherland (NSW),2019-01-17 09:00:00 +1000,,,27.3,2.031
Sutherland (NSW),2019-01-17 10:00:00 +1000,,,29.7,3.212
Sutherland (NSW),2019-01-17 11:00:00 +1000,,,32.5,3.67
Sutherland (NSW),2019-01-17 12:00:00 +1000,,,35.3,3.821
Sutherland (NSW),2019-01-17 13:00:00 +1000,,,35.7,3.55
Sutherland (NSW),2019-01-17 14:00:00 +1000,,,33.5,3.832
Sutherland (NSW),2019-01-17 15:00:00 +1000,,,33.6,3.387
Sutherland (NSW),2019-01-17 16:00:00 +1000,,,33.3,2.649
Sutherland (NSW),2019-01-17 17:00:00 +1000,,,31.8,1.661
Sutherland (NSW),2019-01-17 18:00:00 +1000,,,29.8,0.415
Sutherland (NSW),2019-01-17 19:00:00 +1000,,,27.8,0.05
Sutherland (NSW),2019-01-17 20:00:00 +1000,,,26.8,0.001
Sutherland (NSW),2019-01-18 06:00:00 +1000,,,23.0,0.021
Sutherland (NSW),2019-01-18 07:00:00 +1000,,,24.6,0.399
Sutherland (NSW),2019-01-18 08:00:00 +1000,,,26.1,0.785
Sutherland (NSW),2019-01-18 09:00:00 +1000,,,27.2,2.202
Sutherland (NSW),2019-01-18 10:00:00 +1000,,,29.5,3.233
Sutherland (NSW),2019-01-18 11:00:00 +1000,,,31.2,3.703
Sutherland (NSW),2019-01-18 12:00:00 +1000,,,33.4,3.932
Sutherland (NSW),2019-01-18 13:00:00 +1000,,,35.8,3.691
Sutherland (NSW),2019-01-18 14:00:00 +1000,,,38.2,3.32
Sutherland (NSW),2019-01-18 15:00:00 +1000,,,37.1,3.287
Sutherland (NSW),2019-01-18 16:00:00 +1000,,,35.0,2.624
Sutherland (NSW),2019-01-18 17:00:00 +1000,,,33.8,1.675
Sutherland (NSW),2019-01-18 18:00:00 +1000,,,33.0,0.421
Sutherland (NSW),2019-01-18 19:00:00 +1000,,,30.8,0.079
Sutherland (NSW),2019-01-18 20:00:00 +1000,,,30.1,0.0
Sutherland (NSW),2019-01-19 06:00:00 +1000,,,23.7,0.067
Sutherland (NSW),2019-01-19 07:00:00 +1000,,,24.2,0.108
Sutherland (NSW),2019-01-19 08:00:00 +1000,,,25.2,0.519
Sutherland (NSW),2019-01-19 09:00:00 +1000,,,27.3,1.007
Sutherland (NSW),2019-01-19 10:00:00 +1000,,,24.7,1.061
Sutherland (NSW),2019-01-19 11:00:00 +1000,,,23.2,0.8
Sutherland (NSW),2019-01-19 12:00:00 +1000,,,23.6,0.616
Sutherland (NSW),2019-01-19 13:00:00 +1000,,,24.0,1.197
Sutherland (NSW),2019-01-19 14:00:00 +1000,,,23.6,1.557
Sutherland (NSW),2019-01-19 15:00:00 +1000,,,23.5,1.65
Sutherland (NSW),2019-01-19 16:00:00 +1000,,,23.6,1.276
Sutherland (NSW),2019-01-19 17:00:00 +1000,,,22.6,0.763
Sutherland (NSW),2019-01-19 18:00:00 +1000,,,21.9,0.374
Sutherland (NSW),2019-01-19 19:00:00 +1000,,,21.8,0.043
Sutherland (NSW),2019-01-19 20:00:00 +1000,,,20.8,0.0
Sutherland (NSW),2019-01-20 06:00:00 +1000,,,20.8,0.0
Sutherland (NSW),2019-01-20 07:00:00 +1000,,,21.1,0.078
Sutherland (NSW),2019-01-20 08:00:00 +1000,,,21.7,0.413
Sutherland (NSW),2019-01-20 09:00:00 +1000,,,22.2,0.822
Sutherland (NSW),2019-01-20 10:00:00 +1000,,,23.0,0.862
Sutherland (NSW),2019-01-20 11:00:00 +1000,,,23.8,1.448
Sutherland (NSW),2019-01-20 12:00:00 +1000,,,24.8,1.488
Sutherland (NSW),2019-01-20 13:00:00 +1000,,,25.0,1.379
Sutherland (NSW),2019-01-20 14:00:00 +1000,,,26.0,1.975
Sutherland (NSW),2019-01-20 15:00:00 +1000,,,25.0,1.132
Sutherland (NSW),2019-01-20 16:00:00 +1000,,,24.7,0.685
Sutherland (NSW),2019-01-20 17:00:00 +1000,,,24.2,0.701
Sutherland (NSW),2019-01-20 18:00:00 +1000,,,23.9,0.245
Sutherland (NSW),2019-01-20 19:00:00 +1000,,,23.4,0.058
Sutherland (NSW),2019-01-20 20:00:00 +1000,,,23.2,0.002
Sutherland (NSW),2019-01-21 06:00:00 +1000,,,21.6,0.001
Sutherland (NSW),2019-01-21 07:00:00 +1000,,,21.7,0.142
Sutherland (NSW),2019-01-21 08:00:00 +1000,,,23.3,0.631
Sutherland (NSW),2019-01-21 09:00:00 +1000,,,25.0,1.566
Sutherland (NSW),2019-01-21 10:00:00 +1000,,,25.0,1.148
Sutherland (NSW),2019-01-21 11:00:00 +1000,,,25.5,0.563
Sutherland (NSW),2019-01-21 12:00:00 +1000,,,23.1,1.136
Sutherland (NSW),2019-01-21 13:00:00 +1000,,,22.9,1.476
Sutherland (NSW),2019-01-21 14:00:00 +1000,,,23.6,0.751
Sutherland (NSW),2019-01-21 15:00:00 +1000,,,25.1,0.975
Sutherland (NSW),2019-01-21 16:00:00 +1000,,,25.5,1.133
Sutherland (NSW),2019-01-21 17:00:00 +1000,,,25.6,0.682
Sutherland (NSW),2019-01-21 18:00:00 +1000,,,25.3,0.623
Sutherland (NSW),2019-01-21 19:00:00 +1000,,,24.5,0.218
Sutherland (NSW),2019-01-21 20:00:00 +1000,,,23.9,0.006
Sutherland (NSW),2019-01-22 06:00:00 +1000,,,20.8,0.022
Sutherland (NSW),2019-01-22 07:00:00 +1000,,,22.4,0.365
Sutherland (NSW),2019-01-22 08:00:00 +1000,,,24.0,1.373
Sutherland (NSW),2019-01-22 09:00:00 +1000,,,25.0,2.447
Sutherland (NSW),2019-01-22 10:00:00 +1000,,,27.3,3.203
Sutherland (NSW),2019-01-22 11:00:00 +1000,,,29.8,3.579
Sutherland (NSW),2019-01-22 12:00:00 +1000,,,31.3,3.622
Sutherland (NSW),2019-01-22 13:00:00 +1000,,,33.0,3.92
Sutherland (NSW),2019-01-22 14:00:00 +1000,,,32.8,3.559
Sutherland (NSW),2019-01-22 15:00:00 +1000,,,33.0,3.378
Sutherland (NSW),2019-01-22 16:00:00 +1000,,,32.5,2.705
Sutherland (NSW),2019-01-22 17:00:00 +1000,,,30.9,1.697
Sutherland (NSW),2019-01-22 18:00:00 +1000,,,29.0,0.471
Sutherland (NSW),2019-01-22 19:00:00 +1000,,,27.5,0.084
Sutherland (NSW),2019-01-22 20:00:00 +1000,,,26.3,0.003
Sutherland (NSW),2019-01-23 06:00:00 +1000,,,22.1,0.009
Sutherland (NSW),2019-01-23 07:00:00 +1000,,,23.0,0.061
Sutherland (NSW),2019-01-23 08:00:00 +1000,,,23.2,0.206
Sutherland (NSW),2019-01-23 09:00:00 +1000,,,27.9,1.67
Sutherland (NSW),2019-01-23 10:00:00 +1000,,,31.3,3.146
Sutherland (NSW),2019-01-23 11:00:00 +1000,,,31.4,3.878
Sutherland (NSW),2019-01-23 12:00:00 +1000,,,30.6,4.183
Sutherland (NSW),2019-01-23 13:00:00 +1000,,,30.1,4.19
Sutherland (NSW),2019-01-23 14:00:00 +1000,,,26.8,3.493
Sutherland (NSW),2019-01-23 15:00:00 +1000,,,25.4,1.513
Sutherland (NSW),2019-01-23 16:00:00 +1000,,,25.2,1.25
Sutherland (NSW),2019-01-23 17:00:00 +1000,,,24.3,1.403
Sutherland (NSW),2019-01-23 18:00:00 +1000,,,23.6,0.432
Sutherland (NSW),2019-01-23 19:00:00 +1000,,,23.5,0.04
Sutherland (NSW),2019-01-23 20:00:00 +1000,,,23.2,0.001
Sutherland (NSW),2019-01-24 06:00:00 +1000,,,21.9,0.0
Sutherland (NSW),2019-01-24 07:00:00 +1000,,,22.1,0.0
Sutherland (NSW),2019-01-24 08:00:00 +1000,,,23.2,0.0
Sutherland (NSW),2019-01-24 09:00:00 +1000,,,23.7,0.0
Sutherland (NSW),2019-01-24 10:00:00 +1000,,,24.3,0.0
Sutherland (NSW),2019-01-24 11:00:00 +1000,,,25.2,0.0
Sutherland (NSW),2019-01-24 12:00:00 +1000,,,26.4,0.0
Sutherland (NSW),2019-01-24 13:00:00 +1000,,,26.7,1.443
Sutherland (NSW),2019-01-24 14:00:00 +1000,,,27.9,0.092
Sutherland (NSW),2019-01-24 15:00:00 +1000,,,27.9,1.245
Sutherland (NSW),2019-01-24 16:00:00 +1000,,,27.0,1.893
Sutherland (NSW),2019-01-24 17:00:00 +1000,,,26.6,1.166
Sutherland (NSW),2019-01-24 18:00:00 +1000,,,25.6,0.472
Sutherland (NSW),2019-01-24 19:00:00 +1000,,,24.5,0.115
Sutherland (NSW),2019-01-24 20:00:00 +1000,,,23.8,0.001
Sutherland (NSW),2019-01-25 06:00:00 +1000,,,22.1,0.0
Sutherland (NSW),2019-01-25 07:00:00 +1000,,,24.3,0.0
Sutherland (NSW),2019-01-25 08:00:00 +1000,,,26.2,0.033
Sutherland (NSW),2019-01-25 09:00:00 +1000,,,27.3,1.976
Sutherland (NSW),2019-01-25 10:00:00 +1000,,,29.7,3.227
Sutherland (NSW),2019-01-25 11:00:00 +1000,,,30.8,3.682
Sutherland (NSW),2019-01-25 12:00:00 +1000,,,32.1,3.775
Sutherland (NSW),2019-01-25 13:00:00 +1000,,,33.4,3.834
Sutherland (NSW),2019-01-25 14:00:00 +1000,,,35.5,3.735
Sutherland (NSW),2019-01-25 15:00:00 +1000,,,34.1,3.301
Sutherland (NSW),2019-01-25 16:00:00 +1000,,,32.2,2.629
Sutherland (NSW),2019-01-25 17:00:00 +1000,,,32.0,1.716
Sutherland (NSW),2019-01-25 18:00:00 +1000,,,30.9,0.469
Sutherland (NSW),2019-01-25 19:00:00 +1000,,,29.2,0.09
Sutherland (NSW),2019-01-25 20:00:00 +1000,,,28.1,0.002
Sutherland (NSW),2019-01-26 06:00:00 +1000,,,23.6,0.018
Sutherland (NSW),2019-01-26 07:00:00 +1000,,,28.2,0.366
Sutherland (NSW),2019-01-26 08:00:00 +1000,,,30.9,1.27
Sutherland (NSW),2019-01-26 09:00:00 +1000,,,33.3,1.921
Sutherland (NSW),2019-01-26 10:00:00 +1000,,,35.3,2.974
Sutherland (NSW),2019-01-26 11:00:00 +1000,,,36.3,3.407
Sutherland (NSW),2019-01-26 12:00:00 +1000,,,35.1,3.87
Sutherland (NSW),2019-01-26 13:00:00 +1000,,,34.1,3.938
Sutherland (NSW),2019-01-26 14:00:00 +1000,,,33.0,3.77
Sutherland (NSW),2019-01-26 15:00:00 +1000,,,32.2,2.897
Sutherland (NSW),2019-01-26 16:00:00 +1000,,,31.3,2.675
Sutherland (NSW),2019-01-26 17:00:00 +1000,,,29.2,1.961
Sutherland (NSW),2019-01-26 18:00:00 +1000,,,26.7,0.965
Sutherland (NSW),2019-01-26 19:00:00 +1000,,,24.6,0.137
Sutherland (NSW),2019-01-26 20:00:00 +1000,,,23.4,0.0
Sutherland (NSW),2019-01-27 06:00:00 +1000,,,22.8,0.012
Sutherland (NSW),2019-01-27 07:00:00 +1000,,,24.0,0.214
Sutherland (NSW),2019-01-27 08:00:00 +1000,,,26.6,1.172
Sutherland (NSW),2019-01-27 09:00:00 +1000,,,29.4,1.926
Sutherland (NSW),2019-01-27 10:00:00 +1000,,,32.5,2.997
Sutherland (NSW),2019-01-27 11:00:00 +1000,,,34.4,3.533
Sutherland (NSW),2019-01-27 12:00:00 +1000,,,36.7,3.658
Sutherland (NSW),2019-01-27 13:00:00 +1000,,,31.3,3.984
Sutherland (NSW),2019-01-27 14:00:00 +1000,,,30.5,3.925
Sutherland (NSW),2019-01-27 15:00:00 +1000,,,29.8,3.47
Sutherland (NSW),2019-01-27 16:00:00 +1000,,,26.2,1.524
Sutherland (NSW),2019-01-27 17:00:00 +1000,,,24.3,0.042
Sutherland (NSW),2019-01-27 18:00:00 +1000,,,23.9,0.044
Sutherland (NSW),2019-01-27 19:00:00 +1000,,,24.0,0.003
Sutherland (NSW),2019-01-27 20:00:00 +1000,,,24.1,0.0
Sutherland (NSW),2019-01-28 06:00:00 +1000,,,22.5,0.012
Sutherland (NSW),2019-01-28 07:00:00 +1000,,,23.0,0.096
Sutherland (NSW),2019-01-28 08:00:00 +1000,,,23.9,0.476
Sutherland (NSW),2019-01-28 09:00:00 +1000,,,25.6,0.624
Sutherland (NSW),2019-01-28 10:00:00 +1000,,,26.3,1.192
Sutherland (NSW),2019-01-28 11:00:00 +1000,,,27.2,1.608
Sutherland (NSW),2019-01-28 12:00:00 +1000,,,28.3,2.295
Sutherland (NSW),2019-01-28 13:00:00 +1000,,,29.4,1.858
Sutherland (NSW),2019-01-28 14:00:00 +1000,,,28.5,3.89
Sutherland (NSW),2019-01-28 15:00:00 +1000,,,27.9,3.383
Sutherland (NSW),2019-01-28 16:00:00 +1000,,,26.2,1.901
Sutherland (NSW),2019-01-28 17:00:00 +1000,,,25.8,0.639
Sutherland (NSW),2019-01-28 18:00:00 +1000,,,25.7,0.282
Sutherland (NSW),2019-01-28 19:00:00 +1000,,,25.4,0.082
Sutherland (NSW),2019-01-28 20:00:00 +1000,,,25.2,0.0
Sutherland (NSW),2019-01-29 06:00:00 +1000,,,22.5,0.016
Sutherland (NSW),2019-01-29 07:00:00 +1000,,,24.0,0.362
Sutherland (NSW),2019-01-29 08:00:00 +1000,,,24.7,1.117
Sutherland (NSW),2019-01-29 09:00:00 +1000,,,26.7,2.178
Sutherland (NSW),2019-01-29 10:00:00 +1000,,,28.3,2.931
Sutherland (NSW),2019-01-29 11:00:00 +1000,,,30.4,3.597
Sutherland (NSW),2019-01-29 12:00:00 +1000,,,31.3,3.95
Sutherland (NSW),2019-01-29 13:00:00 +1000,,,31.8,3.999
Sutherland (NSW),2019-01-29 14:00:00 +1000,,,32.3,3.797
Sutherland (NSW),2019-01-29 15:00:00 +1000,,,32.7,3.315
Sutherland (NSW),2019-01-29 16:00:00 +1000,,,31.0,2.653
Sutherland (NSW),2019-01-29 17:00:00 +1000,,,29.7,1.451
Sutherland (NSW),2019-01-29 18:00:00 +1000,,,29.0,0.6
Sutherland (NSW),2019-01-29 19:00:00 +1000,,,27.4,0.057
Sutherland (NSW),2019-01-29 20:00:00 +1000,,,25.7,0.003
Sutherland (NSW),2019-01-30 06:00:00 +1000,,,22.1,0.004
Sutherland (NSW),2019-01-30 07:00:00 +1000,,,22.9,0.192
Sutherland (NSW),2019-01-30 08:00:00 +1000,,,24.1,0.599
Sutherland (NSW),2019-01-30 09:00:00 +1000,,,25.6,0.997
Sutherland (NSW),2019-01-30 10:00:00 +1000,,,27.5,2.096
Sutherland (NSW),2019-01-30 11:00:00 +1000,,,28.8,2.043
Sutherland (NSW),2019-01-30 12:00:00 +1000,,,29.3,1.784
Sutherland (NSW),2019-01-30 13:00:00 +1000,,,31.5,2.9
Sutherland (NSW),2019-01-30 14:00:00 +1000,,,30.6,1.804
Sutherland (NSW),2019-01-30 15:00:00 +1000,,,31.2,1.477
Sutherland (NSW),2019-01-30 16:00:00 +1000,,,30.3,1.491
Sutherland (NSW),2019-01-30 17:00:00 +1000,,,29.2,0.535
Sutherland (NSW),2019-01-30 18:00:00 +1000,,,28.7,0.409
Sutherland (NSW),2019-01-30 19:00:00 +1000,,,27.9,0.134
Sutherland (NSW),2019-01-30 20:00:00 +1000,,,26.4,0.006
Sutherland (NSW),2019-01-31 06:00:00 +1000,,,22.7,0.006
Sutherland (NSW),2019-01-31 07:00:00 +1000,,,23.5,0.216
Sutherland (NSW),2019-01-31 08:00:00 +1000,,,25.7,0.749
Sutherland (NSW),2019-01-31 09:00:00 +1000,,,30.3,1.709
Sutherland (NSW),2019-01-31 10:00:00 +1000,,,32.0,2.706
Sutherland (NSW),2019-01-31 11:00:00 +1000,,,34.9,3.477
Sutherland (NSW),2019-01-31 12:00:00 +1000,,,35.6,3.858
Sutherland (NSW),2019-01-31 13:00:00 +1000,,,36.7,3.945
Sutherland (NSW),2019-01-31 14:00:00 +1000,,,38.5,3.732
Sutherland (NSW),2019-01-31 15:00:00 +1000,,,39.6,2.956
Sutherland (NSW),2019-01-31 16:00:00 +1000,,,39.1,1.27
Sutherland (NSW),2019-01-31 17:00:00 +1000,,,27.0,1.16
Sutherland (NSW),2019-01-31 18:00:00 +1000,,,22.3,0.659
Sutherland (NSW),2019-01-31 19:00:00 +1000,,,21.2,0.134
Sutherland (NSW),2019-01-31 20:00:00 +1000,,,20.9,0.0
Sutherland (NSW),2019-02-01 06:00:00 +1000,,,18.1,0.0
Sutherland (NSW),2019-02-01 07:00:00 +1000,,,18.3,0.02
Sutherland (NSW),2019-02-01 08:00:00 +1000,,,18.7,0.305
Sutherland (NSW),2019-02-01 09:00:00 +1000,,,20.5,0.837
Sutherland (NSW),2019-02-01 10:00:00 +1000,,,20.8,1.086
Sutherland (NSW),2019-02-01 11:00:00 +1000,,,21.1,1.164
Sutherland (NSW),2019-02-01 12:00:00 +1000,,,21.1,0.849
Sutherland (NSW),2019-02-01 13:00:00 +1000,,,20.2,0.955
Sutherland (NSW),2019-02-01 14:00:00 +1000,,,20.3,0.591
Sutherland (NSW),2019-02-01 15:00:00 +1000,,,20.3,0.615
Sutherland (NSW),2019-02-01 16:00:00 +1000,,,19.9,0.435
Sutherland (NSW),2019-02-01 17:00:00 +1000,,,19.0,0.276
Sutherland (NSW),2019-02-01 18:00:00 +1000,,,18.0,0.13
Sutherland (NSW),2019-02-01 19:00:00 +1000,,,17.8,0.014
Sutherland (NSW),2019-02-01 20:00:00 +1000,,,18.2,0.0
Sutherland (NSW),2019-02-02 06:00:00 +1000,,,20.3,0.001
Sutherland (NSW),2019-02-02 07:00:00 +1000,,,20.8,0.073
Sutherland (NSW),2019-02-02 08:00:00 +1000,,,21.6,0.349
Sutherland (NSW),2019-02-02 09:00:00 +1000,,,23.2,1.088
Sutherland (NSW),2019-02-02 10:00:00 +1000,,,24.0,0.275
Sutherland (NSW),2019-02-02 11:00:00 +1000,,,24.0,0.0
Sutherland (NSW),2019-02-02 12:00:00 +1000,,,24.4,0.0
Sutherland (NSW),2019-02-02 13:00:00 +1000,,,24.7,0.0
Sutherland (NSW),2019-02-02 14:00:00 +1000,,,24.1,0.0
Sutherland (NSW),2019-02-02 15:00:00 +1000,,,24.9,0.981
Sutherland (NSW),2019-02-02 16:00:00 +1000,,,25.4,1.433
Sutherland (NSW),2019-02-02 17:00:00 +1000,,,24.7,1.315
Sutherland (NSW),2019-02-02 18:00:00 +1000,,,24.8,0.638
Sutherland (NSW),2019-02-02 19:00:00 +1000,,,24.2,0.105
Sutherland (NSW),2019-02-02 20:00:00 +1000,,,23.9,0.0
Sutherland (NSW),2019-02-03 06:00:00 +1000,,,21.0,0.008
Sutherland (NSW),2019-02-03 07:00:00 +1000,,,22.4,0.327
Sutherland (NSW),2019-02-03 08:00:00 +1000,,,23.5,1.342
Sutherland (NSW),2019-02-03 09:00:00 +1000,,,25.3,2.359
Sutherland (NSW),2019-02-03 10:00:00 +1000,,,27.6,3.059
Sutherland (NSW),2019-02-03 11:00:00 +1000,,,29.0,3.681
Sutherland (NSW),2019-02-03 12:00:00 +1000,,,30.7,3.95
Sutherland (NSW),2019-02-03 13:00:00 +1000,,,31.4,4.035
Sutherland (NSW),2019-02-03 14:00:00 +1000,,,31.4,3.886
Sutherland (NSW),2019-02-03 15:00:00 +1000,,,29.8,3.452
Sutherland (NSW),2019-02-03 16:00:00 +1000,,,29.6,2.743
Sutherland (NSW),2019-02-03 17:00:00 +1000,,,29.1,1.743
Sutherland (NSW),2019-02-03 18:00:00 +1000,,,27.5,0.519
Sutherland (NSW),2019-02-03 19:00:00 +1000,,,25.8,0.051
Sutherland (NSW),2019-02-03 20:00:00 +1000,,,25.0,0.0
Sutherland (NSW),2019-02-04 06:00:00 +1000,,,20.8,0.012
Sutherland (NSW),2019-02-04 07:00:00 +1000,,,24.2,0.056
Sutherland (NSW),2019-02-04 08:00:00 +1000,,,26.2,0.374
Sutherland (NSW),2019-02-04 09:00:00 +1000,,,27.7,2.381
Sutherland (NSW),2019-02-04 10:00:00 +1000,,,29.6,3.154
Sutherland (NSW),2019-02-04 11:00:00 +1000,,,31.7,3.404
Sutherland (NSW),2019-02-04 12:00:00 +1000,,,32.8,2.984
Sutherland (NSW),2019-02-04 13:00:00 +1000,,,32.2,3.978
Sutherland (NSW),2019-02-04 14:00:00 +1000,,,31.4,3.893
Sutherland (NSW),2019-02-04 15:00:00 +1000,,,29.7,2.515
Sutherland (NSW),2019-02-04 16:00:00 +1000,,,28.3,0.857
Sutherland (NSW),2019-02-04 17:00:00 +1000,,,28.7,0.488
Sutherland (NSW),2019-02-04 18:00:00 +1000,,,28.3,0.251
Sutherland (NSW),2019-02-04 19:00:00 +1000,,,27.7,0.151
Sutherland (NSW),2019-02-04 20:00:00 +1000,,,26.6,0.0
Sutherland (NSW),2019-02-05 06:00:00 +1000,,,23.5,0.004
Sutherland (NSW),2019-02-05 07:00:00 +1000,,,24.3,0.126
Sutherland (NSW),2019-02-05 08:00:00 +1000,,,24.4,0.603
Sutherland (NSW),2019-02-05 09:00:00 +1000,,,25.5,0.972
Sutherland (NSW),2019-02-05 10:00:00 +1000,,,25.2,1.901
Sutherland (NSW),2019-02-05 11:00:00 +1000,,,25.7,2.815
Sutherland (NSW),2019-02-05 12:00:00 +1000,,,25.4,2.435
Sutherland (NSW),2019-02-05 13:00:00 +1000,,,25.0,2.162
Sutherland (NSW),2019-02-05 14:00:00 +1000,,,25.2,1.294
Sutherland (NSW),2019-02-05 15:00:00 +1000,,,24.9,0.911
Sutherland (NSW),2019-02-05 16:00:00 +1000,,,24.4,0.646
Sutherland (NSW),2019-02-05 17:00:00 +1000,,,24.2,0.334
Sutherland (NSW),2019-02-05 18:00:00 +1000,,,24.4,0.192
Sutherland (NSW),2019-02-05 19:00:00 +1000,,,24.3,0.026
Sutherland (NSW),2019-02-05 20:00:00 +1000,,,24.4,0.0
Sutherland (NSW),2019-02-06 06:00:00 +1000,,,21.0,0.006
Sutherland (NSW),2019-02-06 07:00:00 +1000,,,23.8,0.334
Sutherland (NSW),2019-02-06 08:00:00 +1000,,,24.6,1.334
Sutherland (NSW),2019-02-06 09:00:00 +1000,,,25.7,1.182
Sutherland (NSW),2019-02-06 10:00:00 +1000,,,26.9,2.233
Sutherland (NSW),2019-02-06 11:00:00 +1000,,,27.9,3.07
Sutherland (NSW),2019-02-06 12:00:00 +1000,,,29.5,3.054
Sutherland (NSW),2019-02-06 13:00:00 +1000,,,29.1,4.114
Sutherland (NSW),2019-02-06 14:00:00 +1000,,,28.7,3.9
Sutherland (NSW),2019-02-06 15:00:00 +1000,,,28.3,3.299
Sutherland (NSW),2019-02-06 16:00:00 +1000,,,27.3,2.641
Sutherland (NSW),2019-02-06 17:00:00 +1000,,,26.8,1.724
Sutherland (NSW),2019-02-06 18:00:00 +1000,,,26.6,0.528
Sutherland (NSW),2019-02-06 19:00:00 +1000,,,25.4,0.065
Sutherland (NSW),2019-02-06 20:00:00 +1000,,,25.0,0.0
Sutherland (NSW),2019-02-07 06:00:00 +1000,,,20.5,0.006
Sutherland (NSW),2019-02-07 07:00:00 +1000,,,23.8,0.303
Sutherland (NSW),2019-02-07 08:00:00 +1000,,,24.4,1.352
Sutherland (NSW),2019-02-07 09:00:00 +1000,,,27.1,2.03
Sutherland (NSW),2019-02-07 10:00:00 +1000,,,28.9,3.16
Sutherland (NSW),2019-02-07 11:00:00 +1000,,,30.4,3.56
Sutherland (NSW),2019-02-07 12:00:00 +1000,,,30.5,3.891
Sutherland (NSW),2019-02-07 13:00:00 +1000,,,30.0,4.181
Sutherland (NSW),2019-02-07 14:00:00 +1000,,,29.6,3.999
Sutherland (NSW),2019-02-07 15:00:00 +1000,,,29.2,3.518
Sutherland (NSW),2019-02-07 16:00:00 +1000,,,28.3,2.796
Sutherland (NSW),2019-02-07 17:00:00 +1000,,,27.6,1.837
Sutherland (NSW),2019-02-07 18:00:00 +1000,,,26.2,0.514
Sutherland (NSW),2019-02-07 19:00:00 +1000,,,25.3,0.024
Sutherland (NSW),2019-02-07 20:00:00 +1000,,,24.7,0.0
Sutherland (NSW),2019-02-08 06:00:00 +1000,,,21.8,0.003
Sutherland (NSW),2019-02-08 07:00:00 +1000,,,22.9,0.165
Sutherland (NSW),2019-02-08 08:00:00 +1000,,,23.9,0.51
Sutherland (NSW),2019-02-08 09:00:00 +1000,,,25.9,1.051
Sutherland (NSW),2019-02-08 10:00:00 +1000,,,28.0,2.02
Sutherland (NSW),2019-02-08 11:00:00 +1000,,,30.3,2.792
Sutherland (NSW),2019-02-08 12:00:00 +1000,,,31.2,3.544
Sutherland (NSW),2019-02-08 13:00:00 +1000,,,32.5,3.952
Sutherland (NSW),2019-02-08 14:00:00 +1000,,,33.8,3.367
Sutherland (NSW),2019-02-08 15:00:00 +1000,,,34.7,2.308
Sutherland (NSW),2019-02-08 16:00:00 +1000,,,30.5,1.887
Sutherland (NSW),2019-02-08 17:00:00 +1000,,,25.8,0.397
Sutherland (NSW),2019-02-08 18:00:00 +1000,,,23.4,0.001
Sutherland (NSW),2019-02-08 19:00:00 +1000,,,20.4,0.0
Sutherland (NSW),2019-02-09 06:00:00 +1000,,,19.2,0.002
Sutherland (NSW),2019-02-09 07:00:00 +1000,,,20.5,0.074
Sutherland (NSW),2019-02-09 08:00:00 +1000,,,22.7,1.126
Sutherland (NSW),2019-02-09 09:00:00 +1000,,,25.4,2.291
Sutherland (NSW),2019-02-09 10:00:00 +1000,,,28.2,3.071
Sutherland (NSW),2019-02-09 11:00:00 +1000,,,30.1,2.939
Sutherland (NSW),2019-02-09 12:00:00 +1000,,,30.0,0.0
Sutherland (NSW),2019-02-09 13:00:00 +1000,,,29.6,0.067
Sutherland (NSW),2019-02-09 14:00:00 +1000,,,30.0,1.057
Sutherland (NSW),2019-02-09 15:00:00 +1000,,,30.8,2.767
Sutherland (NSW),2019-02-09 16:00:00 +1000,,,31.3,2.778
Sutherland (NSW),2019-02-09 17:00:00 +1000,,,30.3,1.827
Sutherland (NSW),2019-02-09 18:00:00 +1000,,,28.4,0.515
Sutherland (NSW),2019-02-09 19:00:00 +1000,,,26.1,0.045
Sutherland (NSW),2019-02-09 20:00:00 +1000,,,24.1,0.0
Sutherland (NSW),2019-02-10 06:00:00 +1000,,,13.9,0.0
Sutherland (NSW),2019-02-10 07:00:00 +1000,,,16.5,0.003
Sutherland (NSW),2019-02-10 08:00:00 +1000,,,19.4,0.0
Sutherland (NSW),2019-02-10 09:00:00 +1000,,,20.6,1.955
Sutherland (NSW),2019-02-10 10:00:00 +1000,,,21.7,3.307
Sutherland (NSW),2019-02-10 11:00:00 +1000,,,23.6,0.039
Sutherland (NSW),2019-02-10 12:00:00 +1000,,,24.2,0.008
Sutherland (NSW),2019-02-10 13:00:00 +1000,,,24.2,0.197
Sutherland (NSW),2019-02-10 14:00:00 +1000,,,24.4,0.779
Sutherland (NSW),2019-02-10 15:00:00 +1000,,,23.7,3.133
Sutherland (NSW),2019-02-10 16:00:00 +1000,,,23.5,2.486
Sutherland (NSW),2019-02-10 17:00:00 +1000,,,22.8,1.879
Sutherland (NSW),2019-02-10 18:00:00 +1000,,,22.0,0.531
Sutherland (NSW),2019-02-10 19:00:00 +1000,,,20.5,0.044
Sutherland (NSW),2019-02-10 20:00:00 +1000,,,18.9,0.0
Sutherland (NSW),2019-02-11 06:00:00 +1000,,,13.4,0.0
Sutherland (NSW),2019-02-11 07:00:00 +1000,,,16.3,0.317
Sutherland (NSW),2019-02-11 08:00:00 +1000,,,20.0,1.342
Sutherland (NSW),2019-02-11 09:00:00 +1000,,,22.7,2.432
Sutherland (NSW),2019-02-11 10:00:00 +1000,,,24.2,3.284
Sutherland (NSW),2019-02-11 11:00:00 +1000,,,26.1,3.837
Sutherland (NSW),2019-02-11 12:00:00 +1000,,,27.8,4.09
Sutherland (NSW),2019-02-11 13:00:00 +1000,,,28.9,4.188
Sutherland (NSW),2019-02-11 14:00:00 +1000,,,31.3,3.953
Sutherland (NSW),2019-02-11 15:00:00 +1000,,,29.4,3.355
Sutherland (NSW),2019-02-11 16:00:00 +1000,,,29.2,2.736
Sutherland (NSW),2019-02-11 17:00:00 +1000,,,28.0,1.663
Sutherland (NSW),2019-02-11 18:00:00 +1000,,,26.5,0.52
Sutherland (NSW),2019-02-11 19:00:00 +1000,,,25.1,0.05
Sutherland (NSW),2019-02-11 20:00:00 +1000,,,24.3,0.0
Sutherland (NSW),2019-02-12 06:00:00 +1000,,,15.7,0.0
Sutherland (NSW),2019-02-12 07:00:00 +1000,,,18.5,0.299
Sutherland (NSW),2019-02-12 08:00:00 +1000,,,21.3,1.378
Sutherland (NSW),2019-02-12 09:00:00 +1000,,,25.6,2.482
Sutherland (NSW),2019-02-12 10:00:00 +1000,,,29.8,3.266
Sutherland (NSW),2019-02-12 11:00:00 +1000,,,32.3,3.793
Sutherland (NSW),2019-02-12 12:00:00 +1000,,,34.4,4.087
Sutherland (NSW),2019-02-12 13:00:00 +1000,,,34.8,4.152
Sutherland (NSW),2019-02-12 14:00:00 +1000,,,35.1,3.962
Sutherland (NSW),2019-02-12 15:00:00 +1000,,,36.2,3.491
Sutherland (NSW),2019-02-12 16:00:00 +1000,,,35.4,2.461
Sutherland (NSW),2019-02-12 17:00:00 +1000,,,34.8,1.631
Sutherland (NSW),2019-02-12 18:00:00 +1000,,,33.4,0.529
Sutherland (NSW),2019-02-12 19:00:00 +1000,,,31.6,0.088
Sutherland (NSW),2019-02-12 20:00:00 +1000,,,29.3,0.0
Sutherland (NSW),2019-02-13 06:00:00 +1000,,,18.4,0.0
Sutherland (NSW),2019-02-13 07:00:00 +1000,,,19.1,0.0
Sutherland (NSW),2019-02-13 08:00:00 +1000,,,20.8,0.16
Sutherland (NSW),2019-02-13 09:00:00 +1000,,,22.1,1.456
Sutherland (NSW),2019-02-13 10:00:00 +1000,,,23.5,2.538
Sutherland (NSW),2019-02-13 11:00:00 +1000,,,24.5,3.361
Sutherland (NSW),2019-02-13 12:00:00 +1000,,,25.8,3.895
Sutherland (NSW),2019-02-13 13:00:00 +1000,,,25.7,4.113
Sutherland (NSW),2019-02-13 14:00:00 +1000,,,25.3,3.783
Sutherland (NSW),2019-02-13 15:00:00 +1000,,,24.9,3.609
Sutherland (NSW),2019-02-13 16:00:00 +1000,,,24.3,2.848
Sutherland (NSW),2019-02-13 17:00:00 +1000,,,22.9,1.553
Sutherland (NSW),2019-02-13 18:00:00 +1000,,,22.0,0.596
Sutherland (NSW),2019-02-13 19:00:00 +1000,,,21.1,0.11
Sutherland (NSW),2019-02-13 20:00:00 +1000,,,20.4,0.0
Sutherland (NSW),2019-02-14 06:00:00 +1000,,,14.6,0.0
Sutherland (NSW),2019-02-14 07:00:00 +1000,,,16.6,0.248
Sutherland (NSW),2019-02-14 08:00:00 +1000,,,19.9,1.046
Sutherland (NSW),2019-02-14 09:00:00 +1000,,,21.5,1.751
Sutherland (NSW),2019-02-14 10:00:00 +1000,,,22.7,2.796
Sutherland (NSW),2019-02-14 11:00:00 +1000,,,22.9,3.407
Sutherland (NSW),2019-02-14 12:00:00 +1000,,,23.5,1.258
Sutherland (NSW),2019-02-14 13:00:00 +1000,,,24.5,0.68
Sutherland (NSW),2019-02-14 14:00:00 +1000,,,24.9,0.0
Sutherland (NSW),2019-02-14 15:00:00 +1000,,,24.5,2.978
Sutherland (NSW),2019-02-14 16:00:00 +1000,,,25.0,2.761
Sutherland (NSW),2019-02-14 17:00:00 +1000,,,24.8,1.787
Sutherland (NSW),2019-02-14 18:00:00 +1000,,,23.3,0.537
Sutherland (NSW),2019-02-14 19:00:00 +1000,,,21.9,0.05
Sutherland (NSW),2019-02-14 20:00:00 +1000,,,21.1,0.0
Sutherland (NSW),2019-02-15 06:00:00 +1000,,,14.9,0.0
Sutherland (NSW),2019-02-15 07:00:00 +1000,,,17.9,0.0
Sutherland (NSW),2019-02-15 08:00:00 +1000,,,21.3,0.135
Sutherland (NSW),2019-02-15 09:00:00 +1000,,,23.8,2.376
Sutherland (NSW),2019-02-15 10:00:00 +1000,,,24.2,2.945
Sutherland (NSW),2019-02-15 11:00:00 +1000,,,24.8,3.471
Sutherland (NSW),2019-02-15 12:00:00 +1000,,,27.1,4.102
Sutherland (NSW),2019-02-15 13:00:00 +1000,,,26.6,4.18
Sutherland (NSW),2019-02-15 14:00:00 +1000,,,26.3,3.432
Sutherland (NSW),2019-02-15 15:00:00 +1000,,,26.0,3.481
Sutherland (NSW),2019-02-15 16:00:00 +1000,,,26.1,2.833
Sutherland (NSW),2019-02-15 17:00:00 +1000,,,24.7,1.778
Sutherland (NSW),2019-02-15 18:00:00 +1000,,,23.5,0.529
Sutherland (NSW),2019-02-15 19:00:00 +1000,,,22.2,0.038
Sutherland (NSW),2019-02-15 20:00:00 +1000,,,21.3,0.0
Sutherland (NSW),2019-02-16 06:00:00 +1000,,,15.9,0.0
Sutherland (NSW),2019-02-16 07:00:00 +1000,,,19.3,0.283
Sutherland (NSW),2019-02-16 08:00:00 +1000,,,21.8,1.158
Sutherland (NSW),2019-02-16 09:00:00 +1000,,,23.7,2.399
Sutherland (NSW),2019-02-16 10:00:00 +1000,,,25.6,3.157
Sutherland (NSW),2019-02-16 11:00:00 +1000,,,26.2,3.56
Sutherland (NSW),2019-02-16 12:00:00 +1000,,,26.3,1.487
Sutherland (NSW),2019-02-16 13:00:00 +1000,,,26.9,1.201
Sutherland (NSW),2019-02-16 14:00:00 +1000,,,27.7,2.245
Sutherland (NSW),2019-02-16 15:00:00 +1000,,,27.5,3.269
Sutherland (NSW),2019-02-16 16:00:00 +1000,,,26.0,2.248
Sutherland (NSW),2019-02-16 17:00:00 +1000,,,24.9,0.981
Sutherland (NSW),2019-02-16 18:00:00 +1000,,,24.1,0.602
Sutherland (NSW),2019-02-16 19:00:00 +1000,,,23.1,0.08
Sutherland (NSW),2019-02-16 20:00:00 +1000,,,22.6,0.0
Sutherland (NSW),2019-02-17 06:00:00 +1000,,,16.3,0.0
Sutherland (NSW),2019-02-17 07:00:00 +1000,,,19.5,0.0
Sutherland (NSW),2019-02-17 08:00:00 +1000,,,21.8,0.737
Sutherland (NSW),2019-02-17 09:00:00 +1000,,,24.4,2.374
Sutherland (NSW),2019-02-17 10:00:00 +1000,,,26.6,3.222
Sutherland (NSW),2019-02-17 11:00:00 +1000,,,28.4,3.645
Sutherland (NSW),2019-02-17 12:00:00 +1000,,,30.2,3.143
Sutherland (NSW),2019-02-17 13:00:00 +1000,,,31.8,1.822
